id;nombre;contenido;contenido_content_type;tipo_contenido;fecha_subida
1;snarling psst;../fake-data/blob/hipster.png;image/png;yet;2026-01-14T16:40:01
2;instead hydrant perspire;../fake-data/blob/hipster.png;image/png;separately;2026-01-14T18:27:53
3;humble shoulder;../fake-data/blob/hipster.png;image/png;strategy;2026-01-15T11:09:49
4;whoa;../fake-data/blob/hipster.png;image/png;misreport inside;2026-01-14T23:53:35
5;phooey duh;../fake-data/blob/hipster.png;image/png;indeed certify;2026-01-15T10:58:33
6;boo striking;../fake-data/blob/hipster.png;image/png;fuel;2026-01-15T01:32:23
7;until low blah;../fake-data/blob/hipster.png;image/png;whereas since unlined;2026-01-15T01:19:50
8;how but forenenst;../fake-data/blob/hipster.png;image/png;showboat barring;2026-01-14T20:30:58
9;typify;../fake-data/blob/hipster.png;image/png;transom blah whoever;2026-01-15T09:02:36
10;optimal nor sense;../fake-data/blob/hipster.png;image/png;hmph jubilantly now;2026-01-15T15:37:17
